# Generated by import_args.py: argument registers of imports (slot, name, GPR mask, FPR mask, source).
# mkunit.py compares them at every import call (plus what the candidate declares).
C0004618	GetParentalControlSlotNoEx__Q2_2nn3actFPUcUc	0x18	0x0	hle:runtime/src/hle/system_stubs.cpp,mangled
C0004958	DownloadExternalImageData__Q3_2nn3olv18DownloadedDataBaseCFPvPUiUi	0x78	0x0	mangled
C0004960	DownloadPostDataList__Q2_2nn3olvFPQ3_2nn3olv19DownloadedTopicDataPQ3_2nn3olv18DownloadedPostDataPUiUiPCQ3_2nn3olv25DownloadPostDataListParam	0xF8	0x0	mangled
C00049A0	GetAppData__Q3_2nn3olv18DownloadedDataBaseCFPUcPUiUi	0x78	0x0	mangled
C00049B8	GetBodyMemo__Q3_2nn3olv18DownloadedDataBaseCFPUcPUiUi	0x78	0x0	mangled
C00049C8	GetBodyText__Q3_2nn3olv18DownloadedDataBaseCFPwUi	0x38	0x0	mangled
C00049D8	GetCommentCount__Q3_2nn3olv18DownloadedPostDataCFv	0x8	0x0	mangled
C0004A68	GetEmpathyCount__Q3_2nn3olv18DownloadedPostDataCFv	0x8	0x0	mangled
C0004A70	GetErrorCode__Q2_2nn3olvFRCQ2_2nn6Result	0x8	0x0	mangled
C0004A98	GetExternalImageDataSize__Q3_2nn3olv18DownloadedDataBaseCFv	0x8	0x0	mangled
C0004B00	GetMiiNickname__Q3_2nn3olv18DownloadedDataBaseCFv	0x8	0x0	mangled
C0004B50	GetPostDate__Q3_2nn3olv18DownloadedDataBaseCFv	0x8	0x0	mangled
C0004B58	GetPostId__Q3_2nn3olv18DownloadedDataBaseCFv	0x8	0x0	mangled
C0004C28	GetTopicTag__Q3_2nn3olv18DownloadedDataBaseCFv	0x8	0x0	mangled
C0004C60	GetUserPid__Q3_2nn3olv18DownloadedDataBaseCFv	0x8	0x0	mangled
C0004C98	Initialize__Q2_2nn3olvFPCQ3_2nn3olv15InitializeParam	0x8	0x0	hle:runtime/src/hle/system_stubs.cpp,mangled
C0004CD8	SetAppData__Q3_2nn3olv15UploadParamBaseFPCUcUi	0x38	0x0	mangled
C0004CF0	SetBodyTextMaxLength__Q3_2nn3olv28UploadPostDataByPostAppParamFUi	0x18	0x0	mangled
C0004D68	SetExternalImageData__Q3_2nn3olv15UploadParamBaseFPCUcUi	0x38	0x0	mangled
C0004DA8	SetFlags__Q3_2nn3olv25DownloadPostDataListParamFUi	0x18	0x0	mangled
C0004DB0	SetFlags__Q3_2nn3olv28UploadPostDataByPostAppParamFUi	0x18	0x0	mangled
C0004DE8	SetPostDataMaxNum__Q3_2nn3olv25DownloadPostDataListParamFUi	0x18	0x0	mangled
C0004E00	SetPostId__Q3_2nn3olv19StartPortalAppParamFPCc	0x18	0x0	mangled
C0004E08	SetPostId__Q3_2nn3olv28UploadEmpathyToPostDataParamFPCc	0x18	0x0	mangled
C0004E10	SetReportTypes__Q3_2nn3olv6ReportFUi	0x18	0x0	mangled
C0004E18	SetSearchKey__Q3_2nn3olv15UploadParamBaseFPCwUc	0x38	0x0	mangled
C0004E20	SetSearchKey__Q3_2nn3olv25DownloadPostDataListParamFPCwUc	0x38	0x0	mangled
C0004E70	SetTopicTag__Q3_2nn3olv15UploadParamBaseFPCw	0x18	0x0	mangled
C0004E78	SetUserPid__Q3_2nn3olv19StartPortalAppParamFUi	0x18	0x0	mangled
C0004E90	SetWork__Q3_2nn3olv15InitializeParamFPUcUi	0x38	0x0	mangled
C0004E98	StartPortalApp__Q2_2nn3olvFPCQ3_2nn3olv19StartPortalAppParam	0x8	0x0	mangled
C0004EB0	TestFlags__Q3_2nn3olv18DownloadedDataBaseCFUi	0x18	0x0	mangled
C0004EE0	UploadEmpathyToPostData__Q2_2nn3olvFPCQ3_2nn3olv28UploadEmpathyToPostDataParam	0x8	0x0	mangled
C0004EF0	UploadPostDataByPostApp__Q2_2nn3olvFPCQ3_2nn3olv28UploadPostDataByPostAppParam	0x8	0x0	mangled
C0004F00	__ct__Q3_2nn3olv15InitializeParamFv	0x8	0x0	mangled
C0004F18	__ct__Q3_2nn3olv18DownloadedPostDataFv	0x8	0x0	mangled
C0004F20	__ct__Q3_2nn3olv19DownloadedTopicDataFv	0x8	0x0	mangled
C0004F28	__ct__Q3_2nn3olv19StartPortalAppParamFv	0x8	0x0	mangled
C0004F50	__ct__Q3_2nn3olv25DownloadPostDataListParamFv	0x8	0x0	mangled
C0004F68	__ct__Q3_2nn3olv28UploadEmpathyToPostDataParamFv	0x8	0x0	mangled
C0004F70	__ct__Q3_2nn3olv28UploadPostDataByPostAppParamFv	0x8	0x0	mangled
C0004FE8	__dt__Q3_2nn3olv15UploadParamBaseFv	0x8	0x0	mangled
C0004FF0	__dt__Q3_2nn3olv18DownloadedDataBaseFv	0x8	0x0	mangled
C0005380	Initialize__Q3_2nn4boss17PlayReportSettingFPvUi	0x38	0x0	hle:runtime/src/hle/system_stubs.cpp,mangled
C0005398	Initialize__Q3_2nn4boss4TaskFPCcUi	0x38	0x0	hle:runtime/src/hle/system_stubs.cpp,mangled
C00053C8	IsRegistered__Q3_2nn4boss4TaskCFv	0x8	0x0	hle:runtime/src/hle/system_stubs.cpp,mangled
C0005450	Register__Q3_2nn4boss4TaskFRQ3_2nn4boss11TaskSetting	0x18	0x0	hle:runtime/src/hle/system_stubs.cpp,mangled
C0005610	StartScheduling__Q3_2nn4boss4TaskFb	0x18	0x0	hle:runtime/src/hle/system_stubs.cpp,mangled
C0005638	Unregister__Q3_2nn4boss4TaskFv	0x8	0x0	mangled
C0005728	__ct__Q3_2nn4boss17PlayReportSettingFv	0x8	0x0	hle:runtime/src/hle/system_stubs.cpp,mangled
C0005750	__ct__Q3_2nn4boss4TaskFv	0x8	0x0	hle:runtime/src/hle/system_stubs.cpp,mangled
C0005830	__dt__Q3_2nn4boss17PlayReportSettingFv	0x8	0x0	hle:runtime/src/hle/system_stubs.cpp,mangled
C0005850	__dt__Q3_2nn4boss4TaskFv	0x8	0x0	hle:runtime/src/hle/system_stubs.cpp,mangled
C0006090	GX2BeginDisplayListEx	0x18	0x0	hle:runtime/src/gx2/gx2_core.cpp
C00060A0	GX2CalcColorBufferAuxInfo	0x30	0x0	hle:runtime/src/gx2/gx2_resources.cpp
C00060A8	GX2CalcDRCSize	0xE0	0x0	hle:runtime/src/gx2/gx2_core.cpp
C00060B0	GX2CalcDepthBufferHiZInfo	0x30	0x0	hle:runtime/src/gx2/gx2_resources.cpp
C00060B8	GX2CalcFetchShaderSizeEx	0x8	0x0	hle:runtime/src/gx2/gx2_core.cpp
C00060C0	GX2CalcGeometryShaderInputRingBufferSize	0x8	0x0	hle:runtime/src/gx2/gx2_core.cpp
C00060C8	GX2CalcGeometryShaderOutputRingBufferSize	0x8	0x0	hle:runtime/src/gx2/gx2_core.cpp
C00060D0	GX2CalcSurfaceSizeAndAlignment	0x8	0x0	hle:runtime/src/gx2/gx2_resources.cpp
C00060D8	GX2CalcTVSize	0xE8	0x0	hle:runtime/src/gx2/gx2_core.cpp
C00060E0	GX2CallDisplayList	0x18	0x0	hle:runtime/src/gx2/gx2_core.cpp
C00060F0	GX2ClearBuffersEx	0x78	0x3E	hle:runtime/src/gx2/gx2_core.cpp
C00060F8	GX2ClearColor	0x8	0x0	hle:runtime/src/gx2/gx2_core.cpp
C0006100	GX2ClearDepthStencilEx	0x38	0x2	hle:runtime/src/gx2/gx2_core.cpp
C0006110	GX2CopyColorBufferToScanBuffer	0x18	0x0	hle:runtime/src/gx2/gx2_core.cpp
C0006120	GX2CopySurface	0x1F8	0x0	hle:runtime/src/gx2/gx2_core.cpp
C0006160	GX2DirectCallDisplayList	0x18	0x0	hle:runtime/src/gx2/gx2_core.cpp
C0006170	GX2DrawEx	0x78	0x0	hle:runtime/src/gx2/gx2_core.cpp
C0006178	GX2DrawIndexedEx	0x1F8	0x0	hle:runtime/src/gx2/gx2_core.cpp
C0006198	GX2ExpandAAColorBuffer	0x8	0x0	hle:runtime/src/gx2/gx2_core.cpp
C00061A0	GX2ExpandDepthBuffer	0x8	0x0	hle:runtime/src/gx2/gx2_core.cpp
C00061B8	GX2GPUTimeToCPUTime	0x18	0x0	hle:runtime/src/gx2/gx2_core.cpp
C00061F0	GX2GetContextStateDisplayList	0x38	0x0	hle:runtime/src/gx2/gx2_core.cpp
C0006218	GX2GetCurrentDisplayList	0x18	0x0	hle:runtime/src/gx2/gx2_core.cpp
C0006268	GX2GetGeometryShaderGPRs	0x8	0x0	hle:runtime/src/gx2/gx2_resources.cpp
C0006270	GX2GetGeometryShaderStackEntries	0x8	0x0	hle:runtime/src/gx2/gx2_resources.cpp
C00062D0	GX2GetPixelShaderGPRs	0x8	0x0	hle:runtime/src/gx2/gx2_resources.cpp
C00062D8	GX2GetPixelShaderStackEntries	0x8	0x0	hle:runtime/src/gx2/gx2_resources.cpp
C0006348	GX2GetSwapStatus	0x78	0x0	hle:runtime/src/gx2/gx2_core.cpp
C0006390	GX2GetVertexShaderGPRs	0x8	0x0	hle:runtime/src/gx2/gx2_resources.cpp
C0006398	GX2GetVertexShaderStackEntries	0x8	0x0	hle:runtime/src/gx2/gx2_resources.cpp
C00063D0	GX2InitColorBufferRegs	0x8	0x0	hle:runtime/src/gx2/gx2_resources.cpp
C00063F0	GX2InitDepthBufferRegs	0x8	0x0	hle:runtime/src/gx2/gx2_resources.cpp
C0006400	GX2InitFetchShaderEx	0x78	0x0	hle:runtime/src/gx2/gx2_resources.cpp
C0006438	GX2InitSampler	0x38	0x0	hle:runtime/src/gx2/gx2_resources.cpp
C0006440	GX2InitSamplerBorderType	0x18	0x0	hle:runtime/src/gx2/gx2_resources.cpp
C0006448	GX2InitSamplerClamping	0x78	0x0	hle:runtime/src/gx2/gx2_resources.cpp
C0006450	GX2InitSamplerDepthCompare	0x18	0x0	hle:runtime/src/gx2/gx2_resources.cpp
C0006460	GX2InitSamplerLOD	0x8	0xE	hle:runtime/src/gx2/gx2_resources.cpp
C0006470	GX2InitSamplerXYFilter	0x78	0x0	hle:runtime/src/gx2/gx2_resources.cpp
C0006478	GX2InitSamplerZMFilter	0x38	0x0	hle:runtime/src/gx2/gx2_resources.cpp
C0006498	GX2InitTextureRegs	0x8	0x0	hle:runtime/src/gx2/gx2_resources.cpp
C00064A8	GX2Invalidate	0x38	0x0	hle:runtime/src/gx2/gx2_core.cpp
C0006748	GX2SampleBottomGPUCycle	0x8	0x0	hle:runtime/src/gx2/gx2_core.cpp
C0006760	GX2SampleTopGPUCycle	0x8	0x0	hle:runtime/src/gx2/gx2_core.cpp
C0006778	GX2SetAlphaTest	0x18	0x2	hle:runtime/src/gx2/gx2_state.cpp
C0006780	GX2SetAlphaTestReg	0x8	0x0	hle:runtime/src/gx2/gx2_state.cpp
C0006788	GX2SetAlphaToMask	0x18	0x0	hle:runtime/src/gx2/gx2_state.cpp
C0006798	GX2SetAttribBuffer	0x78	0x0	hle:runtime/src/gx2/gx2_resources.cpp
C00067A8	GX2SetBlendConstantColorReg	0x8	0x0	hle:runtime/src/gx2/gx2_state.cpp
C00067B0	GX2SetBlendControl	0x7F8	0x0	hle:runtime/src/gx2/gx2_state.cpp
C00067B8	GX2SetBlendControlReg	0x8	0x0	hle:runtime/src/gx2/gx2_state.cpp
C00067C0	GX2SetClearDepthStencil	0x18	0x2	hle:runtime/src/gx2/gx2_core.cpp
C00067C8	GX2SetColorBuffer	0x18	0x0	hle:runtime/src/gx2/gx2_resources.cpp
C00067D0	GX2SetColorControl	0x78	0x0	hle:runtime/src/gx2/gx2_state.cpp
C00067D8	GX2SetColorControlReg	0x8	0x0	hle:runtime/src/gx2/gx2_state.cpp
C00067E0	GX2SetContextState	0x8	0x0	hle:runtime/src/gx2/gx2_core.cpp
C00067F8	GX2SetDRCBuffer	0x40	0x0	hle:runtime/src/gx2/gx2_core.cpp
C0006838	GX2SetDepthBuffer	0x8	0x0	hle:runtime/src/gx2/gx2_resources.cpp
C0006850	GX2SetDepthStencilControlReg	0x8	0x0	hle:runtime/src/gx2/gx2_state.cpp
C0006860	GX2SetFetchShader	0x8	0x0	hle:runtime/src/gx2/gx2_resources.cpp
C0006878	GX2SetGeometrySampler	0x18	0x0	hle:runtime/src/gx2/gx2_resources.cpp
C00068A0	GX2SetGeometryTexture	0x18	0x0	hle:runtime/src/gx2/gx2_resources.cpp
C00068A8	GX2SetGeometryUniformBlock	0x38	0x0	hle:runtime/src/gx2/gx2_resources.cpp
C00068B8	GX2SetLineWidth	0x0	0x2	hle:runtime/src/gx2/gx2_state.cpp
C00068E0	GX2SetPixelSampler	0x18	0x0	hle:runtime/src/gx2/gx2_resources.cpp
C00068F0	GX2SetPixelShader	0x8	0x0	hle:runtime/src/gx2/gx2_resources.cpp
C00068F8	GX2SetPixelTexture	0x18	0x0	hle:runtime/src/gx2/gx2_resources.cpp
C0006900	GX2SetPixelUniformBlock	0x38	0x0	hle:runtime/src/gx2/gx2_resources.cpp
C0006908	GX2SetPixelUniformReg	0x38	0x0	hle:runtime/src/gx2/gx2_resources.cpp
C0006920	GX2SetPointSize	0x0	0x6	hle:runtime/src/gx2/gx2_state.cpp
C0006930	GX2SetPolygonControl	0x7F8	0x0	hle:runtime/src/gx2/gx2_state.cpp
C0006938	GX2SetPolygonControlReg	0x8	0x0	hle:runtime/src/gx2/gx2_state.cpp
C0006948	GX2SetPolygonOffsetReg	0x8	0x0	hle:runtime/src/gx2/gx2_state.cpp
C0006958	GX2SetRasterizerClipControl	0x18	0x0	hle:runtime/src/gx2/gx2_state.cpp
C0006970	GX2SetScissor	0x78	0x0	hle:runtime/src/gx2/gx2_state.cpp
C0006988	GX2SetShaderModeEx	0x8	0x0	hle:runtime/src/gx2/gx2_state.cpp
C0006990	GX2SetStencilMask	0x1F8	0x0	hle:runtime/src/gx2/gx2_state.cpp
C00069B8	GX2SetSurfaceSwizzle	0x18	0x0	hle:runtime/src/gx2/gx2_resources.cpp
C00069C0	GX2SetSwapInterval	0x8	0x0	hle:runtime/src/gx2/gx2_core.cpp
C00069C8	GX2SetTVBuffer	0x40	0x0	hle:runtime/src/gx2/gx2_core.cpp
C0006A18	GX2SetVertexSampler	0x18	0x0	hle:runtime/src/gx2/gx2_resources.cpp
C0006A28	GX2SetVertexShader	0x8	0x0	hle:runtime/src/gx2/gx2_resources.cpp
C0006A30	GX2SetVertexTexture	0x18	0x0	hle:runtime/src/gx2/gx2_resources.cpp
C0006A38	GX2SetVertexUniformBlock	0x38	0x0	hle:runtime/src/gx2/gx2_resources.cpp
C0006A40	GX2SetVertexUniformReg	0x38	0x0	hle:runtime/src/gx2/gx2_resources.cpp
C0006A50	GX2SetViewport	0x0	0x7E	hle:runtime/src/gx2/gx2_state.cpp
C0006A60	GX2SetupContextStateEx	0x8	0x0	hle:runtime/src/gx2/gx2_core.cpp
C0006C80	AXAcquireVoiceEx	0x38	0x0	hle:runtime/src/hle/ax.cpp
C0006C90	AXComputeLpfCoefs	0x38	0x0	hle:runtime/src/hle/ax.cpp
C0006CA0	AXDeregisterAppFrameCallback	0x8	0x0	hle:runtime/src/hle/ax.cpp
C0006CA8	AXFreeVoice	0x8	0x0	hle:runtime/src/hle/ax.cpp
C0006D38	AXGetDeviceFinalMixCallback	0x18	0x0	hle:runtime/src/hle/ax.cpp
C0006D48	AXGetDeviceMode	0x10	0x0	hle:runtime/src/hle/ax.cpp
C0006DE8	AXGetVoiceCurrentOffsetEx	0x18	0x0	hle:runtime/src/hle/ax.cpp
C0006DF0	AXGetVoiceLoopCount	0x8	0x0	hle:runtime/src/hle/ax.cpp
C0006E00	AXGetVoiceOffsets	0x18	0x0	hle:runtime/src/hle/ax.cpp
C0006E98	AXRegisterAppFrameCallback	0x8	0x0	hle:runtime/src/hle/ax.cpp
C0006EB8	AXRegisterAuxCallback	0xF8	0x0	hle:runtime/src/hle/ax.cpp
C0006ED8	AXRegisterDeviceFinalMixCallback	0x18	0x0	hle:runtime/src/hle/ax.cpp
C0006F20	AXSetAuxReturnVolume	0x68	0x0	hle:runtime/src/hle/ax.cpp
C0006FB0	AXSetDeviceUpsampleStage	0x18	0x0	hle:runtime/src/hle/ax.cpp
C0007010	AXSetVoiceAdpcm	0x18	0x0	hle:runtime/src/hle/ax.cpp
C0007018	AXSetVoiceAdpcmLoop	0x18	0x0	hle:runtime/src/hle/ax.cpp
C0007020	AXSetVoiceBiquad	0x18	0x0	hle:runtime/src/hle/ax.cpp
C0007028	AXSetVoiceBiquadCoefs	0x1F8	0x0	hle:runtime/src/hle/ax.cpp
C0007048	AXSetVoiceDeviceMix	0x78	0x0	hle:runtime/src/hle/ax.cpp
C0007058	AXSetVoiceEndOffsetEx	0x38	0x0	hle:runtime/src/hle/ax.cpp
C0007070	AXSetVoiceLoop	0x18	0x0	hle:runtime/src/hle/ax.cpp
C0007080	AXSetVoiceLoopOffsetEx	0x38	0x0	hle:runtime/src/hle/ax.cpp
C0007088	AXSetVoiceLpf	0x18	0x0	hle:runtime/src/hle/ax.cpp
C0007090	AXSetVoiceLpfCoefs	0x38	0x0	hle:runtime/src/hle/ax.cpp
C00070A8	AXSetVoiceOffsets	0x18	0x0	hle:runtime/src/hle/ax.cpp
C00070F0	AXSetVoiceSrc	0x18	0x0	hle:runtime/src/hle/ax.cpp
C00070F8	AXSetVoiceSrcRatio	0x8	0x2	hle:runtime/src/hle/ax.cpp
C0007100	AXSetVoiceSrcType	0x18	0x0	hle:runtime/src/hle/ax.cpp
C0007108	AXSetVoiceState	0x18	0x0	hle:runtime/src/hle/ax.cpp
C0007110	AXSetVoiceType	0x18	0x0	hle:runtime/src/hle/ax.cpp
C0007118	AXSetVoiceVe	0x18	0x0	hle:runtime/src/hle/ax.cpp
C0007430	SAVEGetStat	0xE0	0x0	hle:runtime/src/hle/fs.cpp
C0007458	SAVEInitSaveDir	0x8	0x0	hle:runtime/src/hle/fs.cpp
C0007470	SAVEOpenDir	0xE0	0x0	hle:runtime/src/hle/fs.cpp
C0007490	SAVEOpenFile	0x1E0	0x0	hle:runtime/src/hle/fs.cpp
C00075D0	VPADGetTPCalibratedPoint	0x30	0x0	hle:runtime/src/hle/system_stubs.cpp
C0007640	VPADRead	0x78	0x0	hle:runtime/src/hle/system_stubs.cpp
C0007D70	GetLastErrorCode__Q2_2nn2acFPUi	0x8	0x0	hle:runtime/src/hle/system_stubs.cpp,mangled
C00081A0	KPADReadEx	0x78	0x0	hle:runtime/src/hle/padscore.cpp
C0008558	WPADProbe	0x18	0x0	hle:runtime/src/hle/padscore.cpp
C00088C8	DCZeroRange	0x18	0x0	hle:runtime/src/hle/coreinit_mem.cpp
C0008980	ENVGetEnvironmentVariable	0x30	0x0	hle:runtime/src/hle/coreinit_misc.cpp
C0008CE8	FSCloseDir	0x20	0x0	hle:runtime/src/hle/fs.cpp
C0008CF8	FSCloseFile	0x20	0x0	hle:runtime/src/hle/fs.cpp
C0008D58	FSGetCwd	0x60	0x0	hle:runtime/src/hle/fs.cpp
C0008DF0	FSGetStat	0x60	0x0	hle:runtime/src/hle/fs.cpp
C0008E00	FSGetStatFile	0x60	0x0	hle:runtime/src/hle/fs.cpp
C0008E40	FSInitCmdBlock	0x8	0x0	hle:runtime/src/hle/fs.cpp
C0008E88	FSOpenDir	0x60	0x0	hle:runtime/src/hle/fs.cpp
C0008E98	FSOpenFile	0xE0	0x0	hle:runtime/src/hle/fs.cpp
C0008EB8	FSReadDir	0x60	0x0	hle:runtime/src/hle/fs.cpp
C0008EC8	FSReadFile	0x1E0	0x0	hle:runtime/src/hle/fs.cpp
C0008F48	FSSetPosFile	0x60	0x0	hle:runtime/src/hle/fs.cpp
C0008F98	FSWriteFile	0x1E0	0x0	hle:runtime/src/hle/fs.cpp
C0009060	IMIsDimEnabled	0x8	0x0	hle:runtime/src/hle/coreinit_misc.cpp
C0009698	MEMAllocFromExpHeapEx	0x38	0x0	hle:runtime/src/hle/coreinit_mem.cpp
C00096A0	MEMAllocFromFrmHeapEx	0x38	0x0	hle:runtime/src/hle/coreinit_mem.cpp
C00096D8	MEMCreateExpHeapEx	0x18	0x0	hle:runtime/src/hle/coreinit_mem.cpp
C00096E0	MEMCreateFrmHeapEx	0x18	0x0	hle:runtime/src/hle/coreinit_mem.cpp
C0009700	MEMDestroyExpHeap	0x8	0x0	hle:runtime/src/hle/coreinit_mem.cpp
C0009708	MEMDestroyFrmHeap	0x8	0x0	hle:runtime/src/hle/coreinit_mem.cpp
C0009748	MEMFreeToExpHeap	0x18	0x0	hle:runtime/src/hle/coreinit_mem.cpp
C0009778	MEMGetAllocatableSizeForExpHeapEx	0x18	0x0	hle:runtime/src/hle/coreinit_mem.cpp
C0009780	MEMGetAllocatableSizeForFrmHeapEx	0x18	0x0	hle:runtime/src/hle/coreinit_mem.cpp
C0009790	MEMGetBaseHeapHandle	0x8	0x0	hle:runtime/src/hle/coreinit_mem.cpp
C00097D8	MEMGetTotalFreeSizeForExpHeap	0x8	0x0	hle:runtime/src/hle/coreinit_mem.cpp
C0009988	OSBlockMove	0x38	0x0	hle:runtime/src/hle/coreinit_mem.cpp
C0009990	OSBlockSet	0x38	0x0	hle:runtime/src/hle/coreinit_mem.cpp
C00099A8	OSCancelAlarm	0x8	0x0	hle:runtime/src/threads.cpp
C0009A18	OSConsoleWrite	0x18	0x0	hle:runtime/src/hle/coreinit_misc.cpp
C0009A38	OSCreateAlarm	0x8	0x0	hle:runtime/src/threads.cpp
C0009A48	OSCreateThread	0x7F8	0x0	hle:runtime/src/threads.cpp
C0009A98	OSDynLoad_Acquire	0x18	0x0	hle:runtime/src/hle/coreinit_misc.cpp
C0009AC0	OSDynLoad_FindExport	0x78	0x0	hle:runtime/src/hle/coreinit_misc.cpp
C0009B30	OSExitThread	0x8	0x0	hle:runtime/src/threads.cpp
C0009B70	OSGetAlarmUserData	0x8	0x0	hle:runtime/src/threads.cpp
C0009CC0	OSGetThreadPriority	0x8	0x0	hle:runtime/src/threads.cpp
C0009CC8	OSGetThreadSpecific	0x8	0x0	hle:runtime/src/threads.cpp
C0009D48	OSInitEvent	0x38	0x0	hle:runtime/src/threads.cpp
C0009D58	OSInitMessageQueue	0x28	0x0	hle:runtime/src/threads.cpp
C0009D68	OSInitMutex	0x8	0x0	hle:runtime/src/threads.cpp
C0009D78	OSInitRendezvous	0x8	0x0	hle:runtime/src/threads.cpp
C0009DA0	OSInitThreadQueue	0x8	0x0	hle:runtime/src/threads.cpp
C0009E00	OSJoinThread	0x18	0x0	hle:runtime/src/threads.cpp
C0009E40	OSLockMutex	0x8	0x0	hle:runtime/src/threads.cpp
C0009EB0	OSPanic	0x38	0x0	hle:runtime/src/hle/coreinit_misc.cpp
C0009ED0	OSReceiveMessage	0x38	0x0	hle:runtime/src/threads.cpp
C0009EE8	OSReport	0x8	0x0	hle:runtime/src/hle/coreinit_misc.cpp
C0009F18	OSResetEvent	0x8	0x0	hle:runtime/src/threads.cpp
C0009F30	OSRestoreInterrupts	0x8	0x0	hle:runtime/src/threads.cpp
C0009F38	OSResumeThread	0x8	0x0	hle:runtime/src/threads.cpp
C0009FC8	OSSendMessage	0x38	0x0	hle:runtime/src/threads.cpp
C0009FD8	OSSetAlarm	0xE8	0x0	hle:runtime/src/threads.cpp
C0009FF0	OSSetAlarmUserData	0x18	0x0	hle:runtime/src/threads.cpp
C000A038	OSSetPeriodicAlarm	0x3E8	0x0	hle:runtime/src/threads.cpp
C000A058	OSSetThreadAffinity	0x18	0x0	hle:runtime/src/threads.cpp
C000A078	OSSetThreadName	0x18	0x0	hle:runtime/src/threads.cpp
C000A090	OSSetThreadSpecific	0x18	0x0	hle:runtime/src/threads.cpp
C000A0B0	OSSignalEvent	0x8	0x0	hle:runtime/src/threads.cpp
C000A0C8	OSSleepThread	0x8	0x0	hle:runtime/src/threads.cpp
C000A0D0	OSSleepTicks	0x18	0x0	hle:runtime/src/threads.cpp
C000A180	OSTicksToCalendarTime	0x38	0x0	hle:runtime/src/threads.cpp
C000A198	OSTryLockMutex	0x8	0x0	hle:runtime/src/threads.cpp
C000A1C8	OSUnlockMutex	0x8	0x0	hle:runtime/src/threads.cpp
C000A1D8	OSVReport	0x18	0x0	hle:runtime/src/hle/coreinit_misc.cpp
C000A1F0	OSWaitEvent	0x8	0x0	hle:runtime/src/threads.cpp
C000A1F8	OSWaitEventWithTimeout	0x68	0x0	hle:runtime/src/threads.cpp
C000A208	OSWaitRendezvous	0x18	0x0	hle:runtime/src/threads.cpp
C000A448	UCReadSysConfig	0x30	0x0	hle:runtime/src/hle/coreinit_misc.cpp
C000A468	_Exit	0x8	0x0	hle:runtime/src/hle/coreinit_misc.cpp
C000A7D0	__ghs_mtx_init	0x8	0x0	hle:runtime/src/threads.cpp
C000A7D8	__ghs_mtx_lock	0x8	0x0	hle:runtime/src/threads.cpp
C000A7E0	__ghs_mtx_unlock	0x8	0x0	hle:runtime/src/threads.cpp
C000A838	exit	0x8	0x0	hle:runtime/src/hle/coreinit_misc.cpp
C000A848	memcpy	0x38	0x0	hle:runtime/src/hle/coreinit_mem.cpp
C000A850	memmove	0x38	0x0	hle:runtime/src/hle/coreinit_mem.cpp
C000A858	memset	0x38	0x0	hle:runtime/src/hle/coreinit_mem.cpp
